id	query
300001	peplum top
300002	women light weight bikini pants
300003	drawstring shorts women casual
300004	avaivy facial product
300005	shiro cosmetic
300006	curling wig human hair
300007	honey sheet face mask beauty package
300008	clock tape ribbon
300009	pc case
300010	replacement cushion for headphone
300011	keyboard and mouse converter
300012	holiday rolling pin
300013	roll out storage cart
300014	paint brush in art supplies
300015	vintage stove parts
300016	electric control board for dryer
300017	replacement filter for honeywell humidifier
300018	30 inch gas range with oven
300019	bubble shoter
300020	tell time kid
300021	just three words holiday edition
300022	bead 11
300023	craft supplies for jewelry making
300024	sewing pattern for two piece swimsuit
300025	garedy givers
300026	book about a hospital
300027	center console organizer
300028	jb weld
300029	2010 dodge nitro crossbar
300030	side view rear view mirror
300031	child lock cabinet
300032	storage container for toy box
300033	touched by nature sleep bag
300034	action comics collector
300035	large rule note book
300036	3d computer graphic
300037	bewitchy of the wiccan collection
300038	how to wake up today
300039	fancier studio
300040	range hood filter
300041	camera hooded lens kit
300042	wireless camera for security outside
300043	subwoofer 13.5
300044	powerbass dual sub
300045	6 x 9 car speaker
300046	motorcycle garage door opener
300047	key fob cover for 4 runner
300048	shadowwolf phone case
300049	car camera
300050	phone cover for iphone 8 plus
300051	silver dollar collectible
300052	america silver dollar coin
300053	hockey cards
300054	2019 bowman best baseball cards
300055	football cards in stock
300056	2020 panini donruss football trade cards
300057	game key boards
300058	pc game controller
300059	wireless game controller for ipad
300060	32 gb memory stick
300061	western digital portable hard drive for laptop
300062	boyz reveal
300063	christmas with the stars
300064	amazon gift card
300065	gift cards to purchase amazon
300066	gift cards to purchase pizza
300067	gluten free sauce
300068	organic chip
300069	package of red fish
300070	wild planet salt free food
300071	glass jewelry
300072	we call him dad keychain
300073	cacoline 300mg
300074	gold decor for baby shower
300075	ear bud replacement
300076	captain america headset
300077	replacement remote control for tv
300078	bluetooth speaker for cell phone
300079	audiophile cords
300080	plantar fasciiti brace with ball
300081	counter top ice maker
300082	big lebowski dvd
300083	the other side of the mirror item
300084	drum converter
300085	microphone for smartphone
300086	heavy duty guitar strings
300087	valentine day cat
300088	refill ink kit for printer
300089	computer mouse pad with wrist rest
300090	omegakrill for dogs
300091	bird seed for canary set
300092	rose body butter in beauty
300093	motel life product
300094	the shadow of the motown
300095	password password
300096	auto video stabilizer
300097	pc games hidden object
300098	3d home and landscape system
300099	gymnastic ribbon
300100	20 60 x 60
300101	headphone for android phone
300102	360 degree wind screen phone holder
300103	ny rookie card
300104	max scherzer baseball product
300105	washing machine kit
300106	keys for locks
300107	string lights with timer
300108	large storage box with lid
300109	reading lamp for books clip on
300110	pokemon promos
300111	airplane model kit
300112	1000 piece puzzle for adult
300113	car toy for kid
300114	ps4 vinyl skin
300115	nintendo switch video games basketball
300116	hand grip for switch
300117	ps3 alchemists of the dusk sea
